{"cameraMode":{"drawMode":0,"name":"Shaded","section":"Shading Mode"},"sceneLighting":true,"audioPlay":false,"sceneViewState":{"showFog":true,"showMaterialUpdate":false,"showSkybox":true,"showFlares":true,"showImageEffects":true,"showParticleSystems":true},"in2DMode":false,"pivot":{"x":33.433349609375,"y":44.23126983642578,"z":58.5573616027832},"rotation":{"x":-0.18663746118545533,"y":-0.45066291093826296,"z":0.0969499945640564,"w":-0.8675656914710999},"size":10.34265422821045,"orthographic":true}